{"batch_loss": 0.5348424911499023, "epoch": 3, "batch_num": 2000, "_timestamp": 1716046263.332224, "_runtime": 1453.3158049583435, "_step": 28, "training_loss": 0.5537047293288013, "validation_loss": 0.565675486536587, "epoch_duration": 6.492666331926982}