{"batch_loss": 0.5034863948822021, "epoch": 7, "batch_num": 2500, "_timestamp": 1716047916.3181946, "_runtime": 3106.3017756938934, "_step": 64, "training_loss": 0.49787213148498316, "validation_loss": 0.5771070749701925, "epoch_duration": 6.445814907550812, "Total Training Time (minutes)": 51.79230341911316, "_wandb": {"runtime": 3105}}