{"batch_loss": 0.6259772777557373, "epoch": 0, "batch_num": 20700, "_timestamp": 1716012391.8724718, "_runtime": 224.3179829120636, "_step": 208, "training_loss": 0.6274600186421155, "_wandb": {"runtime": 237}}