{"train/loss": 0.0584, "train/grad_norm": 0.03674530237913132, "train/learning_rate": 2.8627721313625073e-05, "train/epoch": 4.583333333333333, "train/global_step": 440, "_timestamp": 1715978565.9073055, "_runtime": 1607.216733455658, "_step": 51, "eval/loss": 0.059270478785037994, "eval/f1_micro": 0.0, "eval/runtime": 4.5428, "eval/samples_per_second": 84.09, "eval/steps_per_second": 5.283, "eval_loss": 0.059270478785037994, "eval_f1_micro": 0.0, "eval_runtime": 4.5428, "eval_samples_per_second": 84.09, "eval_steps_per_second": 5.283, "epoch": 4.0}