{"batch_loss": 0.6095887422561646, "epoch": 0, "batch_num": 300, "_timestamp": 1716012444.3705978, "_runtime": 31.17348575592041, "_step": 3}