{"batch_loss": 0.566970944404602, "epoch": 0, "batch_num": 13400, "_timestamp": 1716010708.2129378, "_runtime": 158.8173167705536, "_step": 134, "_wandb": {"runtime": 157}}