{"batch_loss": 0.5062805414199829, "epoch": 4, "batch_num": 0, "_timestamp": 1716017743.8979907, "_runtime": 1445.1601316928864, "_step": 52, "training_loss": 0.5217206198105544, "validation_loss": 0.5715001173910386, "epoch_duration": 6.029526070753733}